serial number,name,area,main poligon,gender,cams_spotted,social dynamic,שיוך,pack name,seen with,notes,time on camera,#sights,#right,#left,#front,#no good,#pictures,code,A1,A2,B3,B4,B5,C6,C7,D8,D9,A1_norm,A1_class,A1_cleaned,A1_right,A1_left,A1_color,A1_pattern,A1_status,A2_norm,A2_class,A2_cleaned,A2_right,A2_left,A2_color,A2_pattern,A2_status,B3_norm,B3_class,B3_cleaned,B3_right,B3_left,B3_color,B3_pattern,B3_status,B4_norm,B4_class,B4_cleaned,B4_right,B4_left,B4_color,B4_pattern,B4_status,B5_norm,B5_class,B5_cleaned,B5_right,B5_left,B5_color,B5_pattern,B5_status,C6_norm,C6_class,C6_cleaned,C6_right,C6_left,C6_color,C6_pattern,C6_status,C7_norm,C7_class,C7_cleaned,C7_right,C7_left,C7_color,C7_pattern,C7_status,D8_norm,D8_class,D8_cleaned,D8_right,D8_left,D8_color,D8_pattern,D8_status,D9_norm,D9_class,D9_cleaned,D9_right,D9_left,D9_color,D9_pattern,D9_status
M1,Segen,makhfi,makhfi,m,27,pack,Makhfi original,Makhfi original,,"very dark fur, alpha's brother, born in 2015, cub's babysitter",29.10.20,1,4.0,0.0,0.0,0.0,4,a5tye_a1e_N_P_N_a3f_a1_a2b5_a2,a5tye,a1e,N,P,N,a3f,a1,a2b5,a2,a5tye,full,a5tye,,,e,a5ty,unambiguous,a1e,full,a1e,,,e,a1,unambiguous,N,N,,,,,,N,P,P,,,,,,P,N,N,,,,,,N,a3f,full,a3f,,,f,a3,unambiguous,a1,full,a1,,,,,unambiguous,a2b5,full,a2b5,,,2,5,unambiguous,a2,full,a2,,,,,unambiguous
M2k,,makhfi,makhfi,,29,group,makhfi new,makhfi new,,,18.9.20,2,3.0,0.0,1.0,3.0,7,b1l_a3i_b_c2_c2_a3i_c_a4b5_a2,b1l,a3i,b,c2,c2,a3i,c,a4b5,a2,b1l,full,b1l,,,l,b1,unambiguous,a3i,full,a3i,,,i,a3,unambiguous,b,full,b,,,,,partial_ambiguous,c2,full,c2,,,,,partial_ambiguous,c2,full,c2,,,,,partial_ambiguous,a3i,full,a3i,,,i,a3,unambiguous,c,full,c,,,,,unambiguous,a4b5,full,a4b5,,,4,5,unambiguous,a2,full,a2,,,,,unambiguous
M3,,makhfi,makhfi,m,29,unknown,makhfi unknown,,,probably one of 2019's cubs of original pack,10.11.20,1,5.0,0.0,0.0,0.0,5,a5uyf_a4_a2_c1_c1_a4g_c_P_P,a5uyf,a4,a2,c1,c1,a4g,c,P,P,a5uyf,full,a5uyf,,,f,a5uy,unambiguous,a4,full,a4,,,,a4,partial_ambiguous,a2,full,a2,,,,,partial_ambiguous,c1,full,c1,,,,,partial_ambiguous,c1,full,c1,,,,,partial_ambiguous,a4g,full,a4g,,,g,a4,unambiguous,c,full,c,,,,,unambiguous,P,P,,,,,,P,P,P,,,,,,P
M4,Foxy,makhfi,makhfi,f,30,pack,Makhfi original,Makhfi original,,"golden fur, pink noze, Odem's daughter",26.10.20,1,0.0,2.0,2.0,0.0,4,d2k_a7kl_b_b_b_c2j_b2_a5_a2,d2k,a7k,b,b,b,c2j,b2,a5,a2,d2k,full,d2k,,,k,d2,unambiguous,a7k,full,a7k,,,k,a7,unambiguous,b,full,b,,,,,partial_ambiguous,b,full,b,,,,,partial_ambiguous,b,full,b,,,,,partial_ambiguous,c2j,full,c2j,,,j,c2,unambiguous,b2,full,b2,,,,,unambiguous,a5,full,a5,,,5,(no pattern),partial_ambiguous,a2,full,a2,,,,,unambiguous
M5,Odem,makhfi,makhfi,f,30,pack,Makhfi original,Makhfi original,1 unrecognized,"alpha female, dark mark on front-right leg",1-9.11.20,2,4.0,3.0,0.0,1.0,8,a2wyf_fRa6La1_a3_c1_c1_c2g_b1_a3b1_a3,a2wyf,fRa6La1,a3,c1,c1,c2g,b1,a3b1,a3,a2wyf,full,a2wyf,,,f,a2wy,unambiguous,fRa6La1,asymmetric,,a6f,a1f,,,asymmetric,a3,full,a3,,,,,partial_ambiguous,c1,full,c1,,,,,partial_ambiguous,c1,full,c1,,,,,partial_ambiguous,c2g,full,c2g,,,g,c2,unambiguous,b1,full,b1,,,,,unambiguous,a3b1,full,a3b1,,,3,1,unambiguous,a3,full,a3,,,,,unambiguous
M6H,,makhfi,makhfi,f,"30, 26,  22",unknown,makhfi unknown,,,,26.8.20-14.11.20,2,2.0,2.0,1.0,0.0,5,b1k_a1i_a3_c1_c1_c3i_a2_a3b5_b2,b1k,a1i,a3,c1,c1,c3i,a2,a3b5,a2,b1k,full,b1k,,,k,b1,unambiguous,a1i,full,a1i,,,i,a1,unambiguous,a3,full,a3,,,,,partial_ambiguous,c1,full,c1,,,,,partial_ambiguous,c1,full,c1,,,,,partial_ambiguous,c3i,full,c3i,,,i,c3,unambiguous,a2,full,a2,,,,,unambiguous,a3b5,full,a3b5,,,3,5,unambiguous,a2,full,a2,,,,,unambiguous
M7,,makhfi,makhfi,f,30,pack,Makhfi original,Makhfi original,1 unrecognized?,,20.11.20,1,2.0,0.0,0.0,0.0,2,a4tzf_a2f_a1_N_P_c3f_a3_a3b2_a2,a4tzf,a2f,a1,N,P,c3f,a3,a3b2,a2,a4tzf,full,a4tzf,,,f,a4tz,unambiguous,a2f,full,a2f,,,f,a2,unambiguous,a1,full,a1,,,,,partial_ambiguous,N,N,,,,,,N,P,P,,,,,,P,c3f,full,c3f,,,f,c3,unambiguous,a3,full,a3,,,,,unambiguous,a3b2,full,a3b2,,,3,2,unambiguous,a2,full,a2,,,,,unambiguous
M8,,makhfi,makhfi,,30,pack,Makhfi original,Makhfi original,2 unrecognized,light-brown eyes,20.11.20,1,1.0,0.0,0.0,0.0,1,a5tye_a4e_a2_P_P_c3e_a_a3b3_a4,a5tye,a4e,a2,P,P,c3e,a,a3b3,a4,a5tye,full,a5tye,,,e,a5ty,unambiguous,a4e,full,a4e,,,e,a4,unambiguous,a2,full,a2,,,,,partial_ambiguous,P,P,,,,,,P,P,P,,,,,,P,c3e,full,c3e,,,e,c3,unambiguous,a,full,a,,,,,partial_ambiguous,a3b3,full,a3b3,,,3,3,unambiguous,a4,full,a4,,,,,unambiguous
M9,,makhfi,makhfi,m,30,pack,Makhfi original,Makhfi original,,"very short tail, grandpa",26.11.20,1,3.0,0.0,0.0,0.0,3,b1f_a4f_a2_c1_c1_c3f_a3_a4b3_a4,b1f,a4f,a2,c1,c1,c3f,a3,a4b3,a4,b1f,full,b1f,,,f,b1,unambiguous,a4f,full,a4f,,,f,a4,unambiguous,a2,full,a2,,,,,partial_ambiguous,c1,full,c1,,,,,partial_ambiguous,c1,full,c1,,,,,partial_ambiguous,c3f,full,c3f,,,f,c3,unambiguous,a3,full,a3,,,,,unambiguous,a4b3,full,a4b3,,,4,3,unambiguous,a4,full,a4,,,,,unambiguous
M10,,makhfi,makhfi,,30,unknown,makhfi unknown,,,,2.12.20,1,1.0,0.0,2.0,0.0,3,c1yj_a5j_b_d_d_c3i_b1_a3bP_P,c1yj,a5j,b,d,d,c3i,b1,a3bP,P,c1yj,full,c1yj,,,j,c1y,unambiguous,a5j,full,a5j,,,j,a5,unambiguous,b,full,b,,,,,partial_ambiguous,d,full,d,,,,,unambiguous,d,full,d,,,,,partial_ambiguous,c3i,full,c3i,,,i,c3,unambiguous,b1,full,b1,,,,,unambiguous,a3bP,partial,a3b,,,3,missing,partial_ambiguous,P,P,,,,,,P
H12,,hazeka,hazeka,,25,lone,lone,lone,,golden-yellow fur,19.10.20,1,3.0,0.0,0.0,0.0,3,d2l_a1kl_N_N_N_P_a1_a5b5_a1,d2l,a1k,N,N,N,P,a1,a5b5,a1,d2l,full,d2l,,,l,d2,unambiguous,a1k,full,a1k,,,k,a1,unambiguous,N,N,,,,,,N,N,N,,,,,,N,N,N,,,,,,N,P,P,,,,,,P,a1,full,a1,,,,,unambiguous,a5b5,full,a5b5,,,5,5,unambiguous,a1,full,a1,,,,,unambiguous
H13S,,"Hazeka, saki",hazeka,," 21, 11",lone,lone,lone,,,6-7.10.20,2,0.0,5.0,0.0,0.0,5,a1txi_a3i_b_c1a_c1a_c1g_b2_a4b5_a4,a1txi,a3i,b,c1a,a1a,c1g,b2,a4b5,a4,a1txi,full,a1txi,,,i,a1tx,unambiguous,a3i,full,a3i,,,i,a3,unambiguous,b,full,b,,,,,partial_ambiguous,c1a,full,c1a,,,,,unambiguous,a1a,full,a1a,,,,,unambiguous,c1g,full,c1g,,,g,c1,unambiguous,b2,full,b2,,,,,unambiguous,a4b5,full,a4b5,,,4,5,unambiguous,a4,full,a4,,,,,unambiguous
H99,,Hazeka,hazeka,,24,lone,lone,lone,,,3.4.20,1,0.0,5.0,0.0,0.0,5,a4vyf_a1f_N_P_a2b_c1g_P_a4_a2,a4vyf,a1f,N,P,a2b,c1g,P,a4,a2,a4vyf,full,a4vyf,,,f,a4vy,unambiguous,a1f,full,a1f,,,f,a1,unambiguous,N,N,,,,,,N,P,P,,,,,,P,a2b,full,a2b,,,,,unambiguous,c1g,full,c1g,,,g,c1,unambiguous,P,P,,,,,,P,a4,full,a4,,,4,(no pattern),partial_ambiguous,a2,full,a2,,,,,unambiguous
H14,,hazeka,hazeka,,22,lone,lone,lone,,,24.11.20,1,2.0,0.0,0.0,1.0,3,a4vyf_a3f_a2_c1_c1_c3g_c3_a3_N,a4vyf,a3f,a2,c1,c1,c3g,a3,a3,N,a4vyf,full,a4vyf,,,f,a4vy,unambiguous,a3f,full,a3f,,,f,a3,unambiguous,a2,full,a2,,,,,partial_ambiguous,c1,full,c1,,,,,partial_ambiguous,c1,full,c1,,,,,partial_ambiguous,c3g,full,c3g,,,g,c3,unambiguous,a3,full,a3,,,,,unambiguous,a3,full,a3,,,3,(no pattern),partial_ambiguous,N,N,,,,,,N
H15m,,"makhfi, hazeka",hazeka,f,"22,28",lone,lone,lone,,"only one-sided sights, same code, probably the same wolf but not 100%",27.8.20-10.9.20,2*,2.0,5.0,0.0,0.0,7,b1i_a1i_a1_b2_a2_c4g_a4_a4b5_a2,b1i,a1i,a1,b2,a2,c4g,a4,a4b5,a2,b1i,full,b1i,,,i,b1,unambiguous,a1i,full,a1i,,,i,a1,unambiguous,a1,full,a1,,,,,partial_ambiguous,b2,full,b2,,,,,partial_ambiguous,a2,full,a2,,,,,partial_ambiguous,c4g,full,c4g,,,g,c4,unambiguous,a4,full,a4,,,,,unambiguous,a4b5,full,a4b5,,,4,5,unambiguous,a2,full,a2,,,,,unambiguous
K16,,Keshet-Yonatan,Keshet-Yonatan,,2,lone,lone,lone,,,8.9.20,1,0.0,3.0,0.0,1.0,4,b1i_a3i_N_N_N_b1ic7c_a4b5_a2,b1i,a3i,N,N,N,b1i,c,a4b5,a2,b1i,full,b1i,,,i,b1,unambiguous,a3i,full,a3i,,,i,a3,unambiguous,N,N,,,,,,N,N,N,,,,,,N,N,N,,,,,,N,b1i,full,b1i,,,i,b1,unambiguous,c,full,c,,,,,unambiguous,a4b5,full,a4b5,,,4,5,unambiguous,a2,full,a2,,,,,unambiguous
K106,,Keshet-Yonatan,Keshet-Yonatan,f,5,lone,lone,lone,,,25.8.20,1,3.0,0.0,0.0,2.0,5,d1m_a1i_N_N_N_dk_N_a4_a2,d1m,a1i,N,N,N,dk,N,a4,a2,d1m,full,d1m,,,m,d1,unambiguous,a1i,full,a1i,,,i,a1,unambiguous,N,N,,,,,,N,N,N,,,,,,N,N,N,,,,,,N,dk,full,dk,,,k,d,unambiguous,N,N,,,,,,N,a4,full,a4,,,4,(no pattern),partial_ambiguous,a2,full,a2,,,,,unambiguous
K17f,,"Keshet-Yonatan, Firing-Zone",Keshet-Yonatan,m,"3, 51",lone,lone,lone,,"2 light circels on the cheek, poor quality, recognized by uniqe circles on cheek",24.8.20-28.10.20,3*,1.0,4.0,2.0,0.0,7,c2xN_a5i_a2_c1_c1_b1g_N_a4b5_a2,c2xN,a5i,a2,c1,c1,b1g,N,a4b5,a2,c2xN,partial,c2x,,,,c2x,partial_ambiguous,a5i,full,a5i,,,i,a5,unambiguous,a2,full,a2,,,,,partial_ambiguous,c1,full,c1,,,,,partial_ambiguous,c1,full,c1,,,,,partial_ambiguous,b1g,full,b1g,,,g,b1,unambiguous,N,N,,,,,,N,a4b5,full,a4b5,,,4,5,unambiguous,a2,full,a2,,,,,unambiguous
S18,,Saki,Saki,f,11,lone,lone,lone,,,25.11.20,1,0.0,4.0,0.0,0.0,4,a1vxe_a10e_b_c2a_c2a_c1f_b1_a4b5_a4,a1vxe,a10e,b,c2a,c2a,c1f,b1,a4b5,a4,a1vxe,full,a1vxe,,,e,a1vx,unambiguous,a10e,full,a10e,,,e,a10,unambiguous,b,full,b,,,,,partial_ambiguous,c2a,full,c2a,,,,,unambiguous,c2a,full,c2a,,,,,unambiguous,c1f,full,c1f,,,f,c1,unambiguous,b1,full,b1,,,,,unambiguous,a4b5,full,a4b5,,,4,5,unambiguous,a4,full,a4,,,,,unambiguous
S100,,Saki,Saki,f,11,lone,lone,lone,,,30.11.20,1,0.0,4.0,0.0,0.0,4,a2txf_a1e_a2b_c1b_c1b_c1g_b1_a4b5_a4,a2txf,a1e,a2b,c1b,c1b,c1g,b1,a4b5,a4,a2txf,full,a2txf,,,f,a2tx,unambiguous,a1e,full,a1e,,,e,a1,unambiguous,a2b,full,a2b,,,,,unambiguous,c1b,full,c1b,,,,,unambiguous,c1b,full,c1b,,,,,unambiguous,c1g,full,c1g,,,g,c1,unambiguous,b1,full,b1,,,,,unambiguous,a4b5,full,a4b5,,,4,5,unambiguous,a4,full,a4,,,,,unambiguous
S19,,Saki,Saki,?,12,lone,lone,lone,,,10.12.20,1,0.0,2.0,0.0,1.0,3,a4txf_a3f_N_P_N_c1g_c_a4b5_a2,a4txf,a3f,N,P,N,c1g,c,a4b5,a2,a4txf,full,a4txf,,,f,a4tx,unambiguous,a3f,full,a3f,,,f,a3,unambiguous,N,N,,,,,,N,P,P,,,,,,P,N,N,,,,,,N,c1g,full,c1g,,,g,c1,unambiguous,c,full,c,,,,,unambiguous,a4b5,full,a4b5,,,4,5,unambiguous,a2,full,a2,,,,,unambiguous
S20,,Saki,Saki,f,15,lone,lone,lone,,,15.10.20,1,1.0,3.0,1.0,0.0,5,b3j_a1j_a2a_c2a_c2a_c2g_b1_a4b1_a2,b3j,a1j,a2a,c2a,c2a,c2g,b1,a4b1,a2,b3j,full,b3j,,,j,b3,unambiguous,a1j,full,a1j,,,j,a1,unambiguous,a2a,full,a2a,,,,,unambiguous,c2a,full,c2a,,,,,unambiguous,c2a,full,c2a,,,,,unambiguous,c2g,full,c2g,,,g,c2,unambiguous,b1,full,b1,,,,,unambiguous,a4b1,full,a4b1,,,4,1,unambiguous,a2,full,a2,,,,,unambiguous
F21,,Firing-Zone,Firing-Zone,?,12,group,,,"F23, F24",,25.11.20,1,3.0,0.0,0.0,0.0,3,a2wxi_a6e_a3b_c1b_c1b_c2g_b1_a4b5_a1,a2wxi,a6e,a3b,c1b,c1b,c2g,b1,a4b5,a1,a2wxi,full,a2wxi,,,i,a2wx,unambiguous,a6e,full,a6e,,,e,a6,unambiguous,a3b,full,a3b,,,,,unambiguous,c1b,full,c1b,,,,,unambiguous,c1b,full,c1b,,,,,unambiguous,c2g,full,c2g,,,g,c2,unambiguous,b1,full,b1,,,,,unambiguous,a4b5,full,a4b5,,,4,5,unambiguous,a1,full,a1,,,,,unambiguous
F104,,Firing-Zone,Firing-Zone,,12,unknown,,,,,16.11.20,1,3.0,0.0,0.0,0.0,3,a2wzf_a11e_a2b_b1b_Ra1bLa2b_c3g_c_a4b5_a1,a2wf,a11e,a2b,b1b,Ra1bLa2b,c3g,c,a4b5,a1,a2wf,full,a2wf,,,f,a2w,unambiguous,a11e,full,a11e,,,e,a11,unambiguous,a2b,full,a2b,,,,,unambiguous,b1b,full,b1b,,,,,unambiguous,Ra1bLa2b,asymmetric,,a1b,a2b,,,asymmetric,c3g,full,c3g,,,g,c3,unambiguous,c,full,c,,,,,unambiguous,a4b5,full,a4b5,,,4,5,unambiguous,a1,full,a1,,,,,unambiguous
F22,,Firing-Zone,Firing-Zone,,53,unknown,,?,,,03.11.20,1,3.0,0.0,0.0,0.0,3,a2tyj_a4j_a2_P_P_c3i_N_a4b4_a2,a2tyj,a4j,a2,P,P,c3i,N,a4b4,a2,a2tyj,full,a2tyj,,,j,a2ty,unambiguous,a4j,full,a4j,,,j,a4,unambiguous,a2,full,a2,,,,,partial_ambiguous,P,P,,,,,,P,P,P,,,,,,P,c3i,full,c3i,,,i,c3,unambiguous,N,N,,,,,,N,a4b4,full,a4b4,,,4,4,unambiguous,a2,full,a2,,,,,unambiguous
F23,,Firing-Zone,Firing-Zone,,53,group,,,"F21s, F24",collared,03.11.20,1,0.0,3.0,0.0,0.0,3,z1i_a5i_P_Pb5N_N_N_N_N,z1i,a5i,P,P,N,N,N,N,N,z1i,full,z1i,,,i,z1,unambiguous,a5i,full,a5i,,,i,a5,unambiguous,P,P,,,,,,P,P,P,,,,,,P,N,N,,,,,,N,N,N,,,,,,N,N,N,,,,,,N,N,N,,,,,,N,N,N,,,,,,N
F24,,Firing-Zone,Firing-Zone,,53,group,,,"F23, F21s",red collar,03.11.20,1,2.0,0.0,0.0,0.0,2,z1h_a5f_N_N_N_h_N_a4_N,z1h,a5f,N,N,N,h,N,a4,N,z1h,full,z1h,,,h,z1,unambiguous,a5f,full,a5f,,,f,a5,unambiguous,N,N,,,,,,N,N,N,,,,,,N,N,N,,,,,,N,h,full,h,,,h,,partial_ambiguous,N,N,,,,,,N,a4,full,a4,,,4,(no pattern),partial_ambiguous,N,N,,,,,,N
F26,,Firing-Zone,Firing-Zone,,54,lone,,lone,,"massive, dark back and tail, brown eyes",5-23.10.20,1,0.0,0.0,2.0,0.0,2,b1g_a2g_a1b_b1b_a1b_c3h_a3_a3_N,b1g,a2g,a1b,b1b,a1b,c3h,a3,a3,N,b1g,full,b1g,,,g,b1,unambiguous,a2g,full,a2g,,,g,a2,unambiguous,a1b,full,a1b,,,,,unambiguous,b1b,full,b1b,,,,,unambiguous,a1b,full,a1b,,,,,unambiguous,c3h,full,c3h,,,h,c3,unambiguous,a3,full,a3,,,,,unambiguous,a3,full,a3,,,3,(no pattern),partial_ambiguous,N,N,,,,,,N
Y27,,Yehodiya,Yehodiya,,7,pack,,dark pack,seen together,dark face,22.11.20,1,0.0,3.0,0.0,0.0,3,a3vze_a4e_a2a_d_a1b_c1e_a1_a1b1d9a2,a3vze,a4e,a2a,d,a1b,c1e,a1,a1b1,a2,a3vze,full,a3vze,,,e,a3vz,unambiguous,a4e,full,a4e,,,e,a4,unambiguous,a2a,full,a2a,,,,,unambiguous,d,full,d,,,,,unambiguous,a1b,full,a1b,,,,,unambiguous,c1e,full,c1e,,,e,c1,unambiguous,a1,full,a1,,,,,unambiguous,a1b1,full,a1b1,,,1,1,unambiguous,a2,full,a2,,,,,unambiguous
Y101,,Yehodiya,Yehodiya,,6,lone,,lone,,,6.12.20,1,4.0,0.0,0.0,0.0,4,a4uze_a4e_a2b_c2b_c2b_c1e_a3d8a3b5_a2,a4uze,a4e,a2b,c2b,c2b,c1e,a3,a3b5,a2,a4uze,full,a4uze,,,e,a4uz,unambiguous,a4e,full,a4e,,,e,a4,unambiguous,a2b,full,a2b,,,,,unambiguous,c2b,full,c2b,,,,,unambiguous,c2b,full,c2b,,,,,unambiguous,c1e,full,c1e,,,e,c1,unambiguous,a3,full,a3,,,,,unambiguous,a3b5,full,a3b5,,,3,5,unambiguous,a2,full,a2,,,,,unambiguous
Y28,,Yehodiya,Yehodiya,,7,lone,,lone,,mostly honey ,18.9.20,1,0.0,2.0,0.0,0.0,2,N_a1k_PP_PP_P_ci_N_a6b5_a1,N,a1k,P,P,P,ci,N,a6b5,a1,N,N,,,,,,N,a1k,full,a1k,,,k,a1,unambiguous,P,P,,,,,,P,P,P,,,,,,P,P,P,,,,,,P,ci,full,ci,,,i,c,unambiguous,N,N,,,,,,N,a6b5,full,a6b5,,,6,5,unambiguous,a1,full,a1,,,,,unambiguous
Y29,,Yehodiya,Yehodiya,m,7,pack,,dark pack,seen together,,3.10.20-22.11.20,2,5.0,0.0,1.0,1.0,7,c1zf_a5f_a3a_c2a_c2a_c1f_a1D_a3b4_a3,c1zf,a5f,a3a,c2a,c2a,c1f,a1,a3b4,a3,c1zf,full,c1zf,,,f,c1z,unambiguous,a5f,full,a5f,,,f,a5,unambiguous,a3a,full,a3a,,,,,unambiguous,c2a,full,c2a,,,,,unambiguous,c2a,full,c2a,,,,,unambiguous,c1f,full,c1f,,,f,c1,unambiguous,a1,full,a1,,,,,unambiguous,a3b4,full,a3b4,,,3,4,unambiguous,a3,full,a3,,,,,unambiguous
Y30,,Yehodiya,Yehodiya,f,7,pack,,dark pack,seen together,"dark face, dark mark o front-left leg",16.10.20,1,0.0,0.0,2.0,0.0,2,a4tze_N_b_d_a1b_a3e_c_a3_N,a4tze,N,b,d,a1b,a3e,c,a3,N,a4tze,full,a4tze,,,e,a4tz,unambiguous,N,N,,,,,,N,b,full,b,,,,,partial_ambiguous,d,full,d,,,,,unambiguous,a1b,full,a1b,,,,,unambiguous,a3e,full,a3e,,,e,a3,unambiguous,c,full,c,,,,,unambiguous,a3,full,a3,,,3,(no pattern),partial_ambiguous,N,N,,,,,,N
Y31,,Yehodiya,Yehodiya,f,7,pack,,dark pack,seen together,dark mark o front-right leg,16.10.20,1,0.0,0.0,3.0,0.0,3,f_N_b_Rb1aLc2a_Ra1aLc2a_f_p_a3_N,f,N,b,Rb1aLc2a,Ra1aLc2a,f,P,a3,N,f,full,f,,,f,,partial_ambiguous,N,N,,,,,,N,b,full,b,,,,,partial_ambiguous,Rb1aLc2a,asymmetric,,b1a,c2a,,,asymmetric,Ra1aLc2a,asymmetric,,a1a,c2a,,,asymmetric,f,full,f,,,f,,partial_ambiguous,P,P,,,,,,P,a3,full,a3,,,3,(no pattern),partial_ambiguous,N,N,,,,,,N
Y107,,Yehodiya,Yehodiya,f,7,pack,,dark pack,seen together,,23.11.20,1,0.0,2.0,0.0,0.0,2,a1uxf_a4f_a3a_b2a_a1b_a5g_b2_a4b5_a2,a1uxf,a4f,a3a,b2a,a1b,a5g,b2,a4b5,a2,a1uxf,full,a1uxf,,,f,a1ux,unambiguous,a4f,full,a4f,,,f,a4,unambiguous,a3a,full,a3a,,,,,unambiguous,b2a,full,b2a,,,,,unambiguous,a1b,full,a1b,,,,,unambiguous,a5g,full,a5g,,,g,a5,unambiguous,b2,full,b2,,,,,unambiguous,a4b5,full,a4b5,,,4,5,unambiguous,a2,full,a2,,,,,unambiguous
Y32,,Yehodiya,Yehodiya,f,7,pack,,dark pack,?,dark face,22.11.20,1,1.0,4.0,2.0,0.0,7,b2e_Ra1eLa10e_a4b_c2b_c2b_c1g_b1_a3b1_a2,b2e,Ra1eLa10e,a4b,c2b,c2b,c1g,b1,a3b1,a2,b2e,full,b2e,,,e,b2,unambiguous,Ra1eLa10e,asymmetric,,a1e,a10e,,,asymmetric,a4b,full,a4b,,,,,unambiguous,c2b,full,c2b,,,,,unambiguous,c2b,full,c2b,,,,,unambiguous,c1g,full,c1g,,,g,c1,unambiguous,b1,full,b1,,,,,unambiguous,a3b1,full,a3b1,,,3,1,unambiguous,a2,full,a2,,,,,unambiguous
Y102,,Yehodiya,Yehodiya,,7,pack*,,dark pack*,?,dark face,28.11.20,1,0.0,0.0,2.0,0.0,2,b2e_a3e_a2a_b2b_a2b_c1f_b1_a3_a2,b2e,a3e,a2a,b2b,a2b,c1f,b1,a3,a2,b2e,full,b2e,,,e,b2,unambiguous,a3e,full,a3e,,,e,a3,unambiguous,a2a,full,a2a,,,,,unambiguous,b2b,full,b2b,,,,,unambiguous,a2b,full,a2b,,,,,unambiguous,c1f,full,c1f,,,f,c1,unambiguous,b1,full,b1,,,,,unambiguous,a3,full,a3,,,3,(no pattern),partial_ambiguous,a2,full,a2,,,,,unambiguous
Y33,,Yehodiya,Yehodiya,,7,pack,,dark pack,seen together,dark face,16.10.20,1,0.0,3.0,2.0,0.0,5,a1tze_a4e_b_b1b_a1b_c1e_c1e_a3_a3_a2,a1tze,a4e,b,b1b,a1b,c1e,a3,a3,a2,a1tze,full,a1tze,,,e,a1tz,unambiguous,a4e,full,a4e,,,e,a4,unambiguous,b,full,b,,,,,partial_ambiguous,b1b,full,b1b,,,,,unambiguous,a1b,full,a1b,,,,,unambiguous,c1e,full,c1e,,,e,c1,unambiguous,a3,full,a3,,,,,unambiguous,a3,full,a3,,,3,(no pattern),partial_ambiguous,a2,full,a2,,,,,unambiguous
Y34,,Yehodiya,Yehodiya,f,7,pack,,dark pack,seen together,dark face,16.10.20,1,0.0,3.0,1.0,0.0,4,a5uze_a2e_b_N_a1b_a1e_c_a4_a2,a5uze,a2e,b,N,a1b,a1e,c,a4,a2,a5uze,full,a5uze,,,e,a5uz,unambiguous,a2e,full,a2e,,,e,a2,unambiguous,b,full,b,,,,,partial_ambiguous,N,N,,,,,,N,a1b,full,a1b,,,,,unambiguous,a1e,full,a1e,,,e,a1,unambiguous,c,full,c,,,,,unambiguous,a4,full,a4,,,4,(no pattern),partial_ambiguous,a2,full,a2,,,,,unambiguous
Y35,,Yehodiya,Yehodiya,m,7,pack,,dark pack,seen together,dark face,16.10.20,1,0.0,3.0,0.0,0.0,3,a5txe_a4e_b_N_a1b_a2e_c_a3_N,a5txe,a4e,b,N,a1b,a2e,c,a3,N,a5txe,full,a5txe,,,e,a5tx,unambiguous,a4e,full,a4e,,,e,a4,unambiguous,b,full,b,,,,,partial_ambiguous,N,N,,,,,,N,a1b,full,a1b,,,,,unambiguous,a2e,full,a2e,,,e,a2,unambiguous,c,full,c,,,,,unambiguous,a3,full,a3,,,3,(no pattern),partial_ambiguous,N,N,,,,,,N
Y36,,Yehodiya,Yehodiya,,7,group,,yehodiya trio,"Y47, Y48","golden fur, dark eyes, pink nose",02.11.20-07.12.20,2,0.0,5.0,2.0,0.0,7,d2i_a1k_P_b1a_a1a_c2j_b1_a5b5_a4,d2i,a1k,P,b1a,a1a,c2j,b1,a5b5,a4,d2i,full,d2i,,,i,d2,unambiguous,a1k,full,a1k,,,k,a1,unambiguous,P,P,,,,,,P,b1a,full,b1a,,,,,unambiguous,a1a,full,a1a,,,,,unambiguous,c2j,full,c2j,,,j,c2,unambiguous,b1,full,b1,,,,,unambiguous,a5b5,full,a5b5,,,5,5,unambiguous,a4,full,a4,,,,,unambiguous
Y39,,Yehodiya,Yehodiya,,"9, 10",pack,,golden pack,seen together,"golden fur, dark tail ",30.9.20,1,0.0,0.0,2.0,0.0,2,b3j_a9j_b_Rb1aLd_Ra2bLd6_N_N_a6_N,b3j,a9j,Rb1aLd,Rb1aLd,Ra2bLd,N,N,a6,N,b3j,full,b3j,,,j,b3,unambiguous,a9j,full,a9j,,,j,a9,unambiguous,Rb1aLd,asymmetric,,b1a,d,,,asymmetric,Rb1aLd,asymmetric,,b1a,d,,,asymmetric,Ra2bLd,asymmetric,,a2b,d,,,asymmetric,N,N,,,,,,N,N,N,,,,,,N,a6,full,a6,,,6,(no pattern),partial_ambiguous,N,N,,,,,,N
Y40,,Yehodiya,Yehodiya,m,9,pack,,golden pack,seen together,"golden fur, dark tail, seen wounded",30.9.20-13.11.20,2*,2.0,1.0,1.0,1.0,5,b3j_a7j_N_N_N_b1k_c_a6b5_a4,b3j,a7j,N,N,N,b1k,c,a6b5,a4,b3j,full,b3j,,,j,b3,unambiguous,a7j,full,a7j,,,j,a7,unambiguous,N,N,,,,,,N,N,N,,,,,,N,N,N,,,,,,N,b1k,full,b1k,,,k,b1,unambiguous,c,full,c,,,,,unambiguous,a6b5,full,a6b5,,,6,5,unambiguous,a4,full,a4,,,,,unambiguous
Y41,,Yehodiya,Yehodiya,,9,pack,,golden pack,seen together,"golden fur, dark tail, grey face",30.9.20-12.10.20,2,2.0,0.0,0.0,0.0,2,a2tyi_a1i_a2a_b2a_a1a_c1i_b1_a7b5_a4,a2tyi,a1i,a2a,b2a,a1a,c1i,b1,a7b5,a4,a2tyi,full,a2tyi,,,i,a2ty,unambiguous,a1i,full,a1i,,,i,a1,unambiguous,a2a,full,a2a,,,,,unambiguous,b2a,full,b2a,,,,,unambiguous,a1a,full,a1a,,,,,unambiguous,c1i,full,c1i,,,i,c1,unambiguous,b1,full,b1,,,,,unambiguous,a7b5,full,a7b5,,,7,5,unambiguous,a4,full,a4,,,,,unambiguous
Y42,,Yehodiya,Yehodiya,f,"9, 8",pack,,golden pack,seen together,"grey-yellow fur, dark tail, grey face",30.9.20-27.10,2,0.0,4.0,0.0,0.0,4,a4tyi_a8i_N_b2b_a1b_a3g_c_a4b5_a4,a4tyi,a8i,N,b2b,a1b,a3g,c,a4b5,a4,a4tyi,full,a4tyi,,,i,a4ty,unambiguous,a8i,full,a8i,,,i,a8,unambiguous,N,N,,,,,,N,b2b,full,b2b,,,,,unambiguous,a1b,full,a1b,,,,,unambiguous,a3g,full,a3g,,,g,a3,unambiguous,c,full,c,,,,,unambiguous,a4b5,full,a4b5,,,4,5,unambiguous,a4,full,a4,,,,,unambiguous
Y43,,Yehodiya,Yehodiya,m,"9, 8",pack,,golden pack,seen together,"golden fur, dark tail ",30.9.20,1,0.0,0.0,3.0,0.0,3,a1txj_a4_b_d_a1a_c3g_b2_a4_a2,a1txj,a4j,b,d,a1a,c3g,b2,a4,a2,a1txj,full,a1txj,,,j,a1tx,unambiguous,a4j,full,a4j,,,j,a4,unambiguous,b,full,b,,,,,partial_ambiguous,d,full,d,,,,,unambiguous,a1a,full,a1a,,,,,unambiguous,c3g,full,c3g,,,g,c3,unambiguous,b2,full,b2,,,,,unambiguous,a4,full,a4,,,4,(no pattern),partial_ambiguous,a2,full,a2,,,,,unambiguous
Y44,,Yehodiya,Yehodiya,,9,pack,,golden pack,seen together,"golden fur, dark tail, dark-grey face, ‘wave’ pattern on the face ",30.9.20,1,0.0,2.0,0.0,1.0,3,a5uyf_a1i_b_b2b_a1b_a4g_c_a4b5_a2,a5uyf,a1u,b,b2b,a1b,a4g,c,a4b5,a2,a5uyf,full,a5uyf,,,f,a5uy,unambiguous,a1u,full,a1u,,,,a1u,unambiguous,b,full,b,,,,,partial_ambiguous,b2b,full,b2b,,,,,unambiguous,a1b,full,a1b,,,,,unambiguous,a4g,full,a4g,,,g,a4,unambiguous,c,full,c,,,,,unambiguous,a4b5,full,a4b5,,,4,5,unambiguous,a2,full,a2,,,,,unambiguous
Y45,,Yehodiya,Yehodiya,,"9, 8",pack,,golden pack,seen together,golden fur,30.9.20,1,0.0,1.0,1.0,0.0,2,c1xj_a5j_a1a_b1a_a1a_a3g_c_a4b5_a4,c1xj,a5j,a1a,b1a,a1a,a3g,c,a4b5,a4,c1xj,full,c1xj,,,j,c1x,unambiguous,a5j,full,a5j,,,j,a5,unambiguous,a1a,full,a1a,,,,,unambiguous,b1a,full,b1a,,,,,unambiguous,a1a,full,a1a,,,,,unambiguous,a3g,full,a3g,,,g,a3,unambiguous,c,full,c,,,,,unambiguous,a4b5,full,a4b5,,,4,5,unambiguous,a4,full,a4,,,,,unambiguous
Y46,,Yehodiya,Yehodiya,,10,lone,,lone,,"black mark on back, black tail",11.10.20,1,0.0,1.0,1.0,0.0,2,a1vyh_a1h_a1b_b2b_a1b_c1h_b2_P_N,a1vyh,a1h,a1b,b2b,a1b,c1h,b2,P,N,a1vyh,full,a1vyh,,,h,a1vy,unambiguous,a1h,full,a1h,,,h,a1,unambiguous,a1b,full,a1b,,,,,unambiguous,b2b,full,b2b,,,,,unambiguous,a1b,full,a1b,,,,,unambiguous,c1h,full,c1h,,,h,c1,unambiguous,b2,full,b2,,,,,unambiguous,P,P,,,,,,P,N,N,,,,,,N
Y47,,Yehodiya,Yehodiya,,10,group,,yehodiya trio,"Y48, Y36",,18.10.20-07.12.20,1,1.0,0.0,2.0,0.0,3,b1f_a4f_a2b_Rb2bLN_a2b_c1g_a2_aNb4_a2,b1f,a4f,a2b,Rb2bLN,a2b,c1g,a2,aNb4,a2,b1f,full,b1f,,,f,b1,unambiguous,a4f,full,a4f,,,f,a4,unambiguous,a2b,full,a2b,,,,,unambiguous,Rb2bLN,asymmetric,,b2b,N,,,asymmetric,a2b,full,a2b,,,,,unambiguous,c1g,full,c1g,,,g,c1,unambiguous,a2,full,a2,,,,,unambiguous,aNb4,partial,ab4,,,missing,4,partial_ambiguous,a2,full,a2,,,,,unambiguous
Y48,,Yehodiya,Yehodiya,f,"10, 7",group,,yehodiya trio,"Y36, Y47",,6.11.20-07.12.20,1,0.0,0.0,3.0,0.0,3,ayj_N_a2a_b1a_a2a_c1i_c_N_N,ayj,N,a2a,b1a,a2a,c1i,c,N,N,ayj,full,ayj,,,j,ay,unambiguous,N,N,,,,,,N,a2a,full,a2a,,,,,unambiguous,b1a,full,b1a,,,,,unambiguous,a2a,full,a2a,,,,,unambiguous,c1i,full,c1i,,,i,c1,unambiguous,c,full,c,,,,,unambiguous,N,N,,,,,,N,N,N,,,,,,N
Y37,,Yehodiya,Yehodiya,,7,,,,,,5.11.20,1,0.0,2.0,0.0,0.0,2,a3uzf_a4f_N_b1a_b1a_c3f_a1_a4b1_a2,a3uzf,a4f,N,b1a,b1a,c3f,a1,a4b1,a3,a3uzf,full,a3uzf,,,f,a3uz,unambiguous,a4f,full,a4f,,,f,a4,unambiguous,N,N,,,,,,N,b1a,full,b1a,,,,,unambiguous,b1a,full,b1a,,,,,unambiguous,c3f,full,c3f,,,f,c3,unambiguous,a1,full,a1,,,,,unambiguous,a4b1,full,a4b1,,,4,1,unambiguous,a3,full,a3,,,,,unambiguous
Sh109,,Shaal,Shaal,,17,pack,,shaal east,Sh49,,11.10.20,1,1.0,0.0,2.0,0.0,3,a3vzf-a4f-N-b2a-a2a-a4h-a1-a3-a4,a3zf,a4f,N,b2a,a2a,a3h,a1,a3,a4,a3zf,full,a3zf,,,f,a3z,unambiguous,a4f,full,a4f,,,f,a4,unambiguous,N,N,,,,,,N,b2a,full,b2a,,,,,unambiguous,a2a,full,a2a,,,,,unambiguous,a3h,full,a3h,,,h,a3,unambiguous,a1,full,a1,,,,,unambiguous,a3,full,a3,,,3,(no pattern),partial_ambiguous,a4,full,a4,,,,,unambiguous
Sh49,,Shaal,Shaal,m,"16, 17",pack,,shaal east,Sh37y,massive,03.10.20-11.10.20,2,4.0,0.0,2.0,0.0,6,b1i_a3i_a1a_b2a_a1a_c3i_b2_a3b5_a3,b1i,a3i,a1a,b2a,a1a,c3i,b2,a3b5,a3,b1i,full,b1i,,,i,b1,unambiguous,a3i,full,a3i,,,i,a3,unambiguous,a1a,full,a1a,,,,,unambiguous,b2a,full,b2a,,,,,unambiguous,a1a,full,a1a,,,,,unambiguous,c3i,full,c3i,,,i,c3,unambiguous,b2,full,b2,,,,,unambiguous,a3b5,full,a3b5,,,3,5,unambiguous,a3,full,a3,,,,,unambiguous
Sh50,,Shaal,Shaal,,17,pack,,shaal east,7 min after Sh49+Sh37y,light fur near the ears,9-11.10.20,1,1.0,0.0,0.0,2.0,3,b2i_a1i_N_N_N_c1i_b2_a3_a2,b2i,a1i,N,N,N,c1i,b2,a3,a2,b2i,full,b2i,,,i,b2,unambiguous,a1i,full,a1i,,,i,a1,unambiguous,N,N,,,,,,N,N,N,,,,,,N,N,N,,,,,,N,c1i,full,c1i,,,i,c1,unambiguous,b2,full,b2,,,,,unambiguous,a3,full,a3,,,3,(no pattern),partial_ambiguous,a2,full,a2,,,,,unambiguous
Sh51,,Shaal,Shaal,,17,unknown,,?,,,12-29.10.20,2,0.0,3.0,3.0,0.0,6,b4i_a9i_a1a_b2a_a1a_c3i_a2_a4b1_a2,b4i,a9i,a1a,b2a,a1a,c3i,a2,a4b1,a2,b4i,full,b4i,,,i,b4,unambiguous,a9i,full,a9i,,,i,a9,unambiguous,a1a,full,a1a,,,,,unambiguous,b2a,full,b2a,,,,,unambiguous,a1a,full,a1a,,,,,unambiguous,c3i,full,c3i,,,i,c3,unambiguous,a2,full,a2,,,,,unambiguous,a4b1,full,a4b1,,,4,1,unambiguous,a2,full,a2,,,,,unambiguous
Sh52,,Shaal,Shaal,f,17,pack,,shaal east,Sh53+1 unrecognized,loves mud ,15.10.20,1,0.0,2.0,2.0,1.0,5,b4i_a1i_a2a_b1a_a1a_b2i_b2_N_N,b4i,a1i,a2a,b1a,a1a,b2i,b2,N,N,b4i,full,b4i,,,i,b4,unambiguous,a1i,full,a1i,,,i,a1,unambiguous,a2a,full,a2a,,,,,unambiguous,b1a,full,b1a,,,,,unambiguous,a1a,full,a1a,,,,,unambiguous,b2i,full,b2i,,,i,b2,unambiguous,b2,full,b2,,,,,unambiguous,N,N,,,,,,N,N,N,,,,,,N
Sh53,,Shaal,Shaal,f,17,pack,,shaal east,Sh52+1 unrecognized,,19.10.20-17.11.20,2,0.0,3.0,2.0,0.0,5,b3j_a1j_b_b1a_a2a_c3g_b1_a4b5_a4,b3j,a1j,b,b1a,a2a,c3g,b1,a4b5,a4,b3j,full,b3j,,,j,b3,unambiguous,a1j,full,a1j,,,j,a1,unambiguous,b,full,b,,,,,partial_ambiguous,b1a,full,b1a,,,,,unambiguous,a2a,full,a2a,,,,,unambiguous,c3g,full,c3g,,,g,c3,unambiguous,b1,full,b1,,,,,unambiguous,a4b5,full,a4b5,,,4,5,unambiguous,a4,full,a4,,,,,unambiguous
Sh54,,Shaal,Shaal,,17,unknown,,?,,”tringle” shape on the cheek ,23.10.20,1,3.0,0.0,1.0,0.0,4,c1yi_a5i_b_d_d_c3g_b1_a3b5_a4,c1yi,a5i,b,d,d,c3g,b2,a3b5,a4,c1yi,full,c1yi,,,i,c1y,unambiguous,a5i,full,a5i,,,i,a5,unambiguous,b,full,b,,,,,partial_ambiguous,d,full,d,,,,,unambiguous,d,full,d,,,,,partial_ambiguous,c3g,full,c3g,,,g,c3,unambiguous,b2,full,b2,,,,,unambiguous,a3b5,full,a3b5,,,3,5,unambiguous,a4,full,a4,,,,,unambiguous
Sh55,,Shaal,Shaal,,20,group,,Shaal west,seen together,,13.9.20,1,1.0,0.0,0.0,0.0,1,a5uze_N_N_N_N_N_N_a4_a3,a5uze,N,N,N,N,N,N,a4,a3,a5uze,full,a5uze,,,e,a5uz,unambiguous,N,N,,,,,,N,N,N,,,,,,N,N,N,,,,,,N,N,N,,,,,,N,N,N,,,,,,N,N,N,,,,,,N,a4,full,a4,,,4,(no pattern),partial_ambiguous,a3,full,a3,,,,,unambiguous
Sh57,,Shaal,Shaal,,20,unknown,,Shaal west?,seen together?,"unrecognized like him seen with the pack, seen wondering in the same tritoty as the pack",23.10-30.11.20,2,0.0,3.0,3.0,0.0,6,a3tyf_a2f_N_b1b_a1b_c1f_a1_a4b5_a2,a3tyf,a2f,N,b1b,a1b,c1f,a1,a4b5,a2,a3tyf,full,a3tyf,,,f,a3ty,unambiguous,a2f,full,a2f,,,f,a2,unambiguous,N,N,,,,,,N,b1b,full,b1b,,,,,unambiguous,a1b,full,a1b,,,,,unambiguous,c1f,full,c1f,,,f,c1,unambiguous,a1,full,a1,,,,,unambiguous,a4b5,full,a4b5,,,4,5,unambiguous,a2,full,a2,,,,,unambiguous
Sh59,,Shaal,Shaal,,19,lone,,lone,,,18.11.20,1,0.0,3.0,0.0,1.0,4,c1zf_a5f_N_N_N_a3f_N_a5bN_N,c1zf,a5f,N,N,N,a3f,N,a5bN,N,c1zf,full,c1zf,,,f,c1z,unambiguous,a5f,full,a5f,,,f,a5,unambiguous,N,N,,,,,,N,N,N,,,,,,N,N,N,,,,,,N,a3f,full,a3f,,,f,a3,unambiguous,N,N,,,,,,N,a5bN,partial,a5b,,,5,missing,partial_ambiguous,N,N,,,,,,N
Sl60,,Slopes,Slopes,,"46, 47",unknown,,slopes?,?,light fur,14.09.20,1,0.0,1.0,0.0,0.0,1,d2j_a7j_N_N_N_c2i_a1_a8b5_a4,d2j,a7j,N,N,N,c2i,a1,a8b5,a4,d2j,full,d2j,,,j,d2,unambiguous,a7j,full,a7j,,,j,a7,unambiguous,N,N,,,,,,N,N,N,,,,,,N,N,N,,,,,,N,c2i,full,c2i,,,i,c2,unambiguous,a1,full,a1,,,,,unambiguous,a8b5,full,a8b5,,,8,5,unambiguous,a4,full,a4,,,,,unambiguous
Sl61,,Slopes,Slopes,,"46, 47",unknown,,slopes?,,,14.09.20,1,1.0,0.0,1.0,0.0,2,a3tzh_a1h_a2a_b2a_a2a_a3g_N_a3_a2,a3tzh,a1h,a2a,b2a,a2a,a3g,N,a3,a2,a3tzh,full,a3tzh,,,h,a3tz,unambiguous,a1h,full,a1h,,,h,a1,unambiguous,a2a,full,a2a,,,,,unambiguous,b2a,full,b2a,,,,,unambiguous,a2a,full,a2a,,,,,unambiguous,a3g,full,a3g,,,g,a3,unambiguous,N,N,,,,,,N,a3,full,a3,,,3,(no pattern),partial_ambiguous,a2,full,a2,,,,,unambiguous
Sl62,,Slopes,Slopes,,46,unknown,,slopes?,,light circle on the cheek,25.9.20,1,0.0,1.0,0.0,0.0,1,c1ye_a5e_N_b2b_a1b_b1e_c_a4_a2,c1ye,a5e,N,b2b,a1b,b1e,c,a4,a2,c1ye,full,c1ye,,,e,c1y,unambiguous,a5e,full,a5e,,,e,a5,unambiguous,N,N,,,,,,N,b2b,full,b2b,,,,,unambiguous,a1b,full,a1b,,,,,unambiguous,b1e,full,b1e,,,e,b1,unambiguous,c,full,c,,,,,unambiguous,a4,full,a4,,,4,(no pattern),partial_ambiguous,a2,full,a2,,,,,unambiguous
Sl103,,Slopes,Slopes,,47,unknown,,,,,25.11.20,1,1.0,0.0,0.0,0.0,1,c2ze_a5g_N_b2b_N_a4f_a1_a3b4_a3,c2ze,a5g,N,b2b,N,a4f,a1,a3b4,a3,c2ze,full,c2ze,,,e,c2z,unambiguous,a5g,full,a5g,,,g,a5,unambiguous,N,N,,,,,,N,b2b,full,b2b,,,,,unambiguous,N,N,,,,,,N,a4f,full,a4f,,,f,a4,unambiguous,a1,full,a1,,,,,unambiguous,a3b4,full,a3b4,,,3,4,unambiguous,a3,full,a3,,,,,unambiguous
Sl64,,Slopes,Slopes,f,47,unknown,,slopes?,,,25.9.20,1,1.0,2.0,0.0,0.0,3,a4vzf_a4f_a1b_b2a_a1b_b1f_c_a4b5_a4,a4vzf,a4f,a1b,b2a,a1b,b1f,c,a4b5,a4,a4vzf,full,a4vzf,,,f,a4vz,unambiguous,a4f,full,a4f,,,f,a4,unambiguous,a1b,full,a1b,,,,,unambiguous,b2a,full,b2a,,,,,unambiguous,a1b,full,a1b,,,,,unambiguous,b1f,full,b1f,,,f,b1,unambiguous,c,full,c,,,,,unambiguous,a4b5,full,a4b5,,,4,5,unambiguous,a4,full,a4,,,,,unambiguous
Sl65,,Slopes,Slopes,,48,lone,,lone,,,3.10.20,1,0.0,0.0,3.0,0.0,3,a1txh_N_a2a_c2a_c2a_b1g_c_a7b5_a2,a1txh,N,a2a,c2a,c2a,b1g,c,a7b5,a2,a1txh,full,a1txh,,,h,a1tx,unambiguous,N,N,,,,,,N,a2a,full,a2a,,,,,unambiguous,c2a,full,c2a,,,,,unambiguous,c2a,full,c2a,,,,,unambiguous,b1g,full,b1g,,,g,b1,unambiguous,c,full,c,,,,,unambiguous,a7b5,full,a7b5,,,7,5,unambiguous,a2,full,a2,,,,,unambiguous
O66,,Odem,Odem,m,"31, omer weiner",lone,,lone,,"massive, light-fur, darker back",5.12.20,2,0.0,3.0,1.0,0.0,4,d2j_a7l_a2a_b2a_N_c2i_c_a6b5_a4,d2j,a7l,a2a,b2a,N,c2i,c,a6b5,a4,d2j,full,d2j,,,j,d2,unambiguous,a7l,full,a7l,,,l,a7,unambiguous,a2a,full,a2a,,,,,unambiguous,b2a,full,b2a,,,,,unambiguous,N,N,,,,,,N,c2i,full,c2i,,,i,c2,unambiguous,c,full,c,,,,,unambiguous,a6b5,full,a6b5,,,6,5,unambiguous,a4,full,a4,,,,,unambiguous
O67,,Odem,Odem,,"31, 33",pack,,Odem west,,,29.8-23.11.20,2*,2.0,2.0,0.0,0.0,4,b1i_a2i_N_b2a_a1a_c1i_a1_a4b5_a4,b1i,a2i,N,b2a,a1a,c1i,a1,a4b5,a4,b1i,full,b1i,,,i,b1,unambiguous,a2i,full,a2i,,,i,a2,unambiguous,N,N,,,,,,N,b2a,full,b2a,,,,,unambiguous,a1a,full,a1a,,,,,unambiguous,c1i,full,c1i,,,i,c1,unambiguous,a1,full,a1,,,,,unambiguous,a4b5,full,a4b5,,,4,5,unambiguous,a4,full,a4,,,,,unambiguous
O68,,Odem,Odem,,33,pack,,Odem west,,"dark fur, light brows, light shape on the cheek",29.8-29,1,3.0,0.0,0.0,0.0,3,a5uxf_a1f_b_N_N_a6f_a1_a3b5_a2,a5uxf,a1f,b,N,N,a6f,a1,a3b5,a2,a5uxf,full,a5uxf,,,f,a5ux,unambiguous,a1f,full,a1f,,,f,a1,unambiguous,b,full,b,,,,,partial_ambiguous,N,N,,,,,,N,N,N,,,,,,N,a6f,full,a6f,,,f,a6,unambiguous,a1,full,a1,,,,,unambiguous,a3b5,full,a3b5,,,3,5,unambiguous,a2,full,a2,,,,,unambiguous
O69,,Odem,Odem,,33,pack,,Odem west,,golden fur,29.8.20,1,0.0,2.0,0.0,1.0,3,d2k_a1k_b_d_a1a_b2j_c_a5b5_a4,d2k,a1k,b,d,a1a,b2j,c,a5b5,a4,d2k,full,d2k,,,k,d2,unambiguous,a1k,full,a1k,,,k,a1,unambiguous,b,full,b,,,,,partial_ambiguous,d,full,d,,,,,unambiguous,a1a,full,a1a,,,,,unambiguous,b2j,full,b2j,,,j,b2,unambiguous,c,full,c,,,,,unambiguous,a5b5,full,a5b5,,,5,5,unambiguous,a4,full,a4,,,,,unambiguous
O70,,Odem,Odem,,33,pack,,Odem west,,,28.9-29.11.20,1,0.0,1.0,2.0,0.0,3,c1yf_a5f_Ra2bLb_b2b_a1b_c1f_a1_a3b3_a2,c1yf,a5f,Ra2bLb,b2b,a1b,c1f,a1,a3b3,a2,c1yf,full,c1yf,,,f,c1y,unambiguous,a5f,full,a5f,,,f,a5,unambiguous,Ra2bLb,asymmetric,,a2b,b,,,asymmetric,b2b,full,b2b,,,,,unambiguous,a1b,full,a1b,,,,,unambiguous,c1f,full,c1f,,,f,c1,unambiguous,a1,full,a1,,,,,unambiguous,a3b3,full,a3b3,,,3,3,unambiguous,a2,full,a2,,,,,unambiguous
O71,,Odem,Odem,,33,pack,,Odem west,,,28.9-11.12.20,1,0.0,2.0,0.0,0.0,2,b4i_a8i_b_b2b_a1b_c1g_a1_a4b5_a2,b4f,a8i,b,b2b,a1b,c1g,a1,a4b5,a2,b4f,full,b4f,,,f,b4,unambiguous,a8i,full,a8i,,,i,a8,unambiguous,b,full,b,,,,,partial_ambiguous,b2b,full,b2b,,,,,unambiguous,a1b,full,a1b,,,,,unambiguous,c1g,full,c1g,,,g,c1,unambiguous,a1,full,a1,,,,,unambiguous,a4b5,full,a4b5,,,4,5,unambiguous,a2,full,a2,,,,,unambiguous
O72,,Odem,Odem,,33,pack,,Odem west,,,28.9.20,1,2.0,0.0,0.0,0.0,2,a1wyi_a4i_b_d_N_c3i_b1_a3b5_a2,a1wyi,a4i,b,d,N,c3i,b2,a3b5,a2,a1wyi,full,a1wyi,,,i,a1wy,unambiguous,a4i,full,a4i,,,i,a4,unambiguous,b,full,b,,,,,partial_ambiguous,d,full,d,,,,,unambiguous,N,N,,,,,,N,c3i,full,c3i,,,i,c3,unambiguous,b2,full,b2,,,,,unambiguous,a3b5,full,a3b5,,,3,5,unambiguous,a2,full,a2,,,,,unambiguous
O73,,Odem,Odem,,33,unknown,,?,,"dark fur, 2 light circles on the cheek, dark mark on front-right leg",8.10.20,2,1.0,4.0,0.0,0.0,5,c2xe_a5e_N_b2b_N_N_N_a2b3_a3,c2xe,a5e,N,b2b,N,N,N,a2b3,a3,c2xe,full,c2xe,,,e,c2x,unambiguous,a5e,full,a5e,,,e,a5,unambiguous,N,N,,,,,,N,b2b,full,b2b,,,,,unambiguous,N,N,,,,,,N,N,N,,,,,,N,N,N,,,,,,N,a2b3,full,a2b3,,,2,3,unambiguous,a3,full,a3,,,,,unambiguous
O74,,Odem,Odem,,34,group,,Odem South,,,28.9-13.11.20,1,4.0,0.0,0.0,0.0,4,c1ze_a5e_a2a_c1b_c1b_a2e_N_a1_a3,c1ze,a5e,a2a,c1b,c1b,a2e,N,a1,a3,c1ze,full,c1ze,,,e,c1z,unambiguous,a5e,full,a5e,,,e,a5,unambiguous,a2a,full,a2a,,,,,unambiguous,c1b,full,c1b,,,,,unambiguous,c1b,full,c1b,,,,,unambiguous,a2e,full,a2e,,,e,a2,unambiguous,N,N,,,,,,N,a1,full,a1,,,1,(no pattern),partial_ambiguous,a3,full,a3,,,,,unambiguous
O75,,Odem,Odem,,34,group,,Odem South,,,28.9-7.12.20,2,3.0,0.0,0.0,2.0,5,ae_N_a3b_c1b_c1b_e_N_a1_a3,ae,N,a3b,c1b,c1b,e,N,a1,a3,ae,full,ae,,,e,a,unambiguous,N,N,,,,,,N,a3b,full,a3b,,,,,unambiguous,c1b,full,c1b,,,,,unambiguous,c1b,full,c1b,,,,,unambiguous,e,full,e,,,e,,partial_ambiguous,N,N,,,,,,N,a1,full,a1,,,1,(no pattern),partial_ambiguous,a3,full,a3,,,,,unambiguous
O76,,Odem,Odem,,"34, 35",pack,,Odem East,,light gray-yellow fur,22.10-12.12.20,1,0.0,3.0,0.0,0.0,3,b1i_a10i_N_N_N_c1f_c_a4_a2,b1i,a10i,N,N,N,c1f,c,a4,a2,b1i,full,b1i,,,i,b1,unambiguous,a10i,full,a10i,,,i,a10,unambiguous,N,N,,,,,,N,N,N,,,,,,N,N,N,,,,,,N,c1f,full,c1f,,,f,c1,unambiguous,c,full,c,,,,,unambiguous,a4,full,a4,,,4,(no pattern),partial_ambiguous,a2,full,a2,,,,,unambiguous
O77,,Odem,Odem,,34,unknown,,?,,,28.11.20,1,3.0,3.0,1.0,0.0,7,Ra3vzfLb1f_a2f_a2b_b2b_a1b_b1g_c_a4_a2,Ra3vzfLb1f,a2f,a2b,b2b,a1b,b1g,c,a1,a2,Ra3vzfLb1f,asymmetric,,a3vzf,b1f,,,asymmetric,a2f,full,a2f,,,f,a2,unambiguous,a2b,full,a2b,,,,,unambiguous,b2b,full,b2b,,,,,unambiguous,a1b,full,a1b,,,,,unambiguous,b1g,full,b1g,,,g,b1,unambiguous,c,full,c,,,,,unambiguous,a1,full,a1,,,1,(no pattern),partial_ambiguous,a2,full,a2,,,,,unambiguous
O78,,Odem,Odem,,35,pack,,Odem East,,,7.11-6.12.20,3*,2.0,5.0,0.0,0.0,7,Ra4vxiLa4txi_Ra7iLa10_a4a_P_N_c1g_P_a4b2_a3,Ra4vxiLa4txi,Ra7iLa10,a4a,P,N,c1g,P,a4b2,a3,Ra4vxiLa4txi,asymmetric,,a4vxi,a4txi,,,asymmetric,Ra7iLa10,asymmetric,,a7i,a10,,,asymmetric,a4a,full,a4a,,,,,unambiguous,P,P,,,,,,P,N,N,,,,,,N,c1g,full,c1g,,,g,c1,unambiguous,P,P,,,,,,P,a4b2,full,a4b2,,,4,2,unambiguous,a3,full,a3,,,,,unambiguous
O80,,Odem,Odem,,35,pack,,Odem East,,,11.10.20,,,,,,0,b3k_a1k_b_d_a1a_b1j_c_a5b5_a1,b3k,a1k,b,d,a1a,b1j,c,a5b5,a1,b3k,full,b3k,,,k,b3,unambiguous,a1k,full,a1k,,,k,a1,unambiguous,b,full,b,,,,,partial_ambiguous,d,full,d,,,,,unambiguous,a1a,full,a1a,,,,,unambiguous,b1j,full,b1j,,,j,b1,unambiguous,c,full,c,,,,,unambiguous,a5b5,full,a5b5,,,5,5,unambiguous,a1,full,a1,,,,,unambiguous
O81,,Odem,Odem,,35,pack,,Odem East,,,13.11.20,1,0.0,3.0,0.0,0.0,3,a2vye_a3e_P_b2b_a1b_a3f_a1_a3_a3,a2vye,a3e,P,b2b,a1b,a3f,a1,a3,a3,a2vye,full,a2vye,,,e,a2vy,unambiguous,a3e,full,a3e,,,e,a3,unambiguous,P,P,,,,,,P,b2b,full,b2b,,,,,unambiguous,a1b,full,a1b,,,,,unambiguous,a3f,full,a3f,,,f,a3,unambiguous,a1,full,a1,,,,,unambiguous,a3,full,a3,,,3,(no pattern),partial_ambiguous,a3,full,a3,,,,,unambiguous
O82,,Odem,Odem,,"35, 32",pack,,Odem East,,"light beige fur, dog-like features",11-20.11.20,2,0.0,3.0,1.0,0.0,4,b2l_N_N_Pa_N_dl_c_a8_a1,b2l,N,Pa,N,dl,c,c,a8,a1,b2l,full,b2l,,,l,b2,unambiguous,N,N,,,,,,N,Pa,partial,a,,,,,partial_ambiguous,N,N,,,,,,N,dl,full,dl,,,,,unambiguous,c,full,c,,,,c,partial_ambiguous,c,full,c,,,,,unambiguous,a8,full,a8,,,8,(no pattern),partial_ambiguous,a1,full,a1,,,,,unambiguous
Sn83,,Snir,Snir,,56,lone,,lone,,,29.11.20,1,2.0,0.0,0.0,3.0,5,b3i_a7j_N_N_N_b2g_c_a5b3_a4,b3i,a7j,N,N,N,b2g,c,a5b3,a4,b3i,full,b3i,,,i,b3,unambiguous,a7j,full,a7j,,,j,a7,unambiguous,N,N,,,,,,N,N,N,,,,,,N,N,N,,,,,,N,b2g,full,b2g,,,g,b2,unambiguous,c,full,c,,,,,unambiguous,a5b3,full,a5b3,,,5,3,unambiguous,a4,full,a4,,,,,unambiguous
Sn84,,Snir,Snir,,59,lone,,lone,,,28.9.20,1,0.0,2.0,0.0,0.0,2,a1txg_a1g_N_N_b1h_c_a4_a2,a1txg,a1g,N,N,N,b1h,c,a4,a2,a1txg,full,a1txg,,,g,a1tx,unambiguous,a1g,full,a1g,,,g,a1,unambiguous,N,N,,,,,,N,N,N,,,,,,N,N,N,,,,,,N,b1h,full,b1h,,,h,b1,unambiguous,c,full,c,,,,,unambiguous,a4,full,a4,,,4,(no pattern),partial_ambiguous,a2,full,a2,,,,,unambiguous
Sn85,,Snir,Snir,,59,unknown,,,seen together,,29.11.20,1,1.0,0.0,0.0,1.0,2,i_i_N_P_N_b1g_c_a4b1_a2,i,i,N,P,N,b1g,c,a4b1,a2,i,full,i,,,i,,partial_ambiguous,i,full,i,,,i,,partial_ambiguous,N,N,,,,,,N,P,P,,,,,,P,N,N,,,,,,N,b1g,full,b1g,,,g,b1,unambiguous,c,full,c,,,,,unambiguous,a4b1,full,a4b1,,,4,1,unambiguous,a2,full,a2,,,,,unambiguous
Ma87sn,,"Snir,  masade",masade,,"59, 40",lone,,lone,,,1.11-6.12.20,1,0.0,4.0,0.0,0.0,4,a2tyf_a7f_a1b_b1b_a1b_c1f_a1_a4b5_a4,a2tyf,a7f,a1b,b1b,a1b,c1f,a1,a4b5,a4,a2tyf,full,a2tyf,,,f,a2ty,unambiguous,a7f,full,a7f,,,f,a7,unambiguous,a1b,full,a1b,,,,,unambiguous,b1b,full,b1b,,,,,unambiguous,a1b,full,a1b,,,,,unambiguous,c1f,full,c1f,,,f,c1,unambiguous,a1,full,a1,,,,,unambiguous,a4b5,full,a4b5,,,4,5,unambiguous,a4,full,a4,,,,,unambiguous
Ma88,,masade,masade,,37,lone,,lone,,,14.10.20,1,2.0,0.0,1.0,0.0,3,d1m_a3l_a3_c1b_c1b_c2h_c_a7_a2,d1m,a3l,a3,c1b,c1b,c2h,c,a7,a2,d1m,full,d1m,,,m,d1,unambiguous,a3l,full,a3l,,,l,a3,unambiguous,a3,full,a3,,,,,partial_ambiguous,c1b,full,c1b,,,,,unambiguous,c1b,full,c1b,,,,,unambiguous,c2h,full,c2h,,,h,c2,unambiguous,c,full,c,,,,,unambiguous,a7,full,a7,,,7,(no pattern),partial_ambiguous,a2,full,a2,,,,,unambiguous
In89,,golan,,,omer weiner,,,,,dark fur,5.2022,1,1.0,0.0,1.0,1.0,3,e_e_N_b2a_a2b_a7f_b2_N_N,e,e,N,b2a,a2b,a7f,b2,N,N,e,full,e,,,e,,partial_ambiguous,e,full,e,,,e,,partial_ambiguous,N,N,,,,,,N,b2a,full,b2a,,,,,unambiguous,a2b,full,a2b,,,,,unambiguous,a7f,full,a7f,,,f,a7,unambiguous,b2,full,b2,,,,,unambiguous,N,N,,,,,,N,N,N,,,,,,N
Mg90,,marom golan,,f,omer weiner,,,marom golan,,"big ears, tringle shape on the cheek, erez's female",9.2021,1,1.0,0.0,1.0,0.0,2,c1yi_a5i_a2b_c3b_c3b_a3f_a1_a4_N,c1yi,a5i,a2b,c3b,c3b,a3f,a1,a4,N,c1yi,full,c1yi,,,i,c1y,unambiguous,a5i,full,a5i,,,i,a5,unambiguous,a2b,full,a2b,,,,,unambiguous,c3b,full,c3b,,,,,unambiguous,c3b,full,c3b,,,,,unambiguous,a3f,full,a3f,,,f,a3,unambiguous,a1,full,a1,,,,,unambiguous,a4,full,a4,,,4,(no pattern),partial_ambiguous,N,N,,,,,,N
In91,,golan,,,ariel shamir,,,,,"light neck, dark face",12.2016-1.2019,1,1.0,0.0,1.0,0.0,2,e_e_N_N_N_a4e_a1_a7_a4,e,e,N,N,N,a4e,a1,a7,a4,e,full,e,,,e,,partial_ambiguous,e,full,e,,,e,,partial_ambiguous,N,N,,,,,,N,N,N,,,,,,N,N,N,,,,,,N,a4e,full,a4e,,,e,a4,unambiguous,a1,full,a1,,,,,unambiguous,a7,full,a7,,,7,(no pattern),partial_ambiguous,a4,full,a4,,,,,unambiguous
In92,,golan,,,ariel shamir,,,,seen together,"dark fur, light brows",2.2017,1,0.0,0.0,1.0,0.0,1,a2ze_e_a2a_b1b_a2b_e_P_N_N,a2ze,e,a2a,b1b,a2b,c1f,P,N,N,a2ze,full,a2ze,,,e,a2z,unambiguous,e,full,e,,,e,,partial_ambiguous,a2a,full,a2a,,,,,unambiguous,b1b,full,b1b,,,,,unambiguous,a2b,full,a2b,,,,,unambiguous,c1f,full,c1f,,,f,c1,unambiguous,P,P,,,,,,P,N,N,,,,,,N,N,N,,,,,,N
In93,,golan,,,ariel shamir,,,,seen together,"dark fur, light face",2.2017,1,0.0,0.0,1.0,0.0,1,d1m_a3e_a2b_c1b_c1b_c1f_P_N_N,d1m,a3e,a2b,c1b,c1b,c1f,P,N,N,d1m,full,d1m,,,m,d1,unambiguous,a3e,full,a3e,,,e,a3,unambiguous,a2b,full,a2b,,,,,unambiguous,c1b,full,c1b,,,,,unambiguous,c1b,full,c1b,,,,,unambiguous,c1f,full,c1f,,,f,c1,unambiguous,P,P,,,,,,P,N,N,,,,,,N,N,N,,,,,,N
In94,,golan,,,ariel shamir,,,,,"white area on the neck, husky-like",1.2017,1,1.0,0.0,0.0,0.0,1,e_e_N_N_N_c1e_b1_a1_a3,e,e,N,N,N,c1e,b1,a1,a3,e,full,e,,,e,,partial_ambiguous,e,full,e,,,e,,partial_ambiguous,N,N,,,,,,N,N,N,,,,,,N,N,N,,,,,,N,c1e,full,c1e,,,e,c1,unambiguous,b1,full,b1,,,,,unambiguous,a1,full,a1,,,1,(no pattern),partial_ambiguous,a3,full,a3,,,,,unambiguous
In95,,golan,,,omer weiner,,,,,dark orange fur ,12.2011,1,0.0,1.0,0.0,0.0,1,b1l_a2e_N_c1b_c1b_b1j_c_a2_a3,b1l,a2e,N,c1b,c1b,b1j,c,a2,a3,b1l,full,b1l,,,l,b1,unambiguous,a2e,full,a2e,,,e,a2,unambiguous,N,N,,,,,,N,c1b,full,c1b,,,,,unambiguous,c1b,full,c1b,,,,,unambiguous,b1j,full,b1j,,,j,b1,unambiguous,c,full,c,,,,,unambiguous,a2,full,a2,,,2,(no pattern),partial_ambiguous,a3,full,a3,,,,,unambiguous
In96,,golan,,,omer weiner,,,,,"grey fur, light fur around nose",8.2019,1,0.0,2.0,0.0,0.0,2,a2wyg_a4g_a3b_c1b_c1b_dl_c_a7b5_a2,a2wyg,a4g,a3b,c1b,c1b,dl,c,a7b5,a2,a2wyg,full,a2wyg,,,g,a2wy,unambiguous,a4g,full,a4g,,,g,a4,unambiguous,a3b,full,a3b,,,,,unambiguous,c1b,full,c1b,,,,,unambiguous,c1b,full,c1b,,,,,unambiguous,dl,full,dl,,,l,d,unambiguous,c,full,c,,,,,unambiguous,a7b5,full,a7b5,,,7,5,unambiguous,a2,full,a2,,,,,unambiguous
In97,,golan,,,elimelech,,,,,,7.2025,1,2.0,0.0,0.0,0.0,2,a2wyi_i_N_N_N_i_N_a4_N,a2wyi,i,N,N,N,i,N,a4,N,a2wyi,full,a2wyi,,,i,a2wy,unambiguous,i,full,i,,,i,,partial_ambiguous,N,N,,,,,,N,N,N,,,,,,N,N,N,,,,,,N,i,full,i,,,i,,partial_ambiguous,N,N,,,,,,N,a4,full,a4,,,4,(no pattern),partial_ambiguous,N,N,,,,,,N
In98,,golan,,,moshe_neeman,,,,,,8.2025,1,1.0,0.0,1.0,0.0,2,c1zi_a5i_a2b_c2b_c2b_c1g_c_a7_a2,c1zi,a5i,a2b,c2b,c2b,c1g,c,a7,a2,c1zi,full,c1zi,,,i,c1z,unambiguous,a5i,full,a5i,,,i,a5,unambiguous,a2b,full,a2b,,,,,unambiguous,c2b,full,c2b,,,,,unambiguous,c2b,full,c2b,,,,,unambiguous,c1g,full,c1g,,,g,c1,unambiguous,c,full,c,,,,,unambiguous,a7,full,a7,,,7,(no pattern),partial_ambiguous,a2,full,a2,,,,,unambiguous
In105,,golan,,,nevo_,,,,,"collared, likely have scabias, his legs doesn't look good",1.2023,1,1.0,0.0,1.0,0.0,2,b4g_a10g_b_b1a_a1a_b2f_b2_N_N,b4g,a10g,b,b1a,a1a,b2f,b2,N,N,b4g,full,b4g,,,g,b4,unambiguous,a10g,full,a10g,,,g,a10,unambiguous,b,full,b,,,,,partial_ambiguous,b1a,full,b1a,,,,,unambiguous,a1a,full,a1a,,,,,unambiguous,b2f,full,b2f,,,f,b2,unambiguous,b2,full,b2,,,,,unambiguous,N,N,,,,,,N,N,N,,,,,,N
